filename	text
series1_56cf17b5-079_JPG.rf.82d6e86601f11cb40b47801b5c1fbc67_plate_0.jpg	65Å39511
series1_57_jpg.rf.19f2cd818f2785ddc300a55cbfcd7e88_plate_1.jpg	91œ21874
series1_58_jpg.rf.d37cbb610f6389a75b03f3523cbe8d3f_plate_0.jpg	26„64874
series1_71_jpg.rf.eb7b6e1ea3b05868f81e459bb470c64e_plate_1.jpg	14„76224
series1_72114d0a-070_jpeg.rf.60ef0b670dea811e845ed68d2fac2d53_plate_0.jpg	52À96911
series1_75_jpg.rf.8455a616ad1b770d1981f55f25ca432e_plate_1.jpg	69„69812
series1_78_jpg.rf.fd6f3829e01753afb9bec5ce9bc4a46f_plate_0.jpg	57’26112
series1_81_jpg.rf.00dc9f95e51d4e70f7a274954dd5f3e4_plate_0.jpg	71ÿ82326
series1_82_jpg.rf.e3c742e5aa0abe86aaea3f152991ce51_plate_0.jpg	86œ66474
series1_842151d2-008_jpg.rf.41a8fc2d9cc4d4860989f25cdbb9edf7_plate_0.jpg	38À72111
series1_86_jpg.rf.b99e4acc8bb32fa1f5ef72aaaab71fe6_plate_0.jpg	72ﬁ67542
series1_87_jpg.rf.affa2bebe5edbc8b20b964475f4c0463_plate_0.jpg	57œ41774
series1_88_jpg.rf.a32e145b76f6747c408c56b00efb56f5_plate_0.jpg	46Ê19642
series1_91__jpg.rf.f9f78db87b1182cd445a791bf3a7339d_plate_0.jpg	29·78974
series1_91_jpg.rf.3a40a7f15815740fc20fda0c49d39eb6_plate_0.jpg	21‰96874
series1_91ea982f-169_JPG.rf.19f4a2b0d0d2972d07fff3ca8faa4247_plate_0.jpg	63Å48711
series1_93_jpg.rf.53e2f5f7280f7851d2263e4e8541d62d_plate_0.jpg	55’92226
series1_94_jpg.rf.cb1cc8df18691839b658eb295e80ac6b_plate_0.jpg	72„59124
series1_94_jpg.rf.cb1cc8df18691839b658eb295e80ac6b_plate_1.jpg	82?25222
series1_95__jpg.rf.2a0b21fff9bef3a30d2c520e1cad1f66_plate_0.jpg	59ÿ51212
series1_95__jpg.rf.2a0b21fff9bef3a30d2c520e1cad1f66_plate_1.jpg	26»12626
series1_96_jpg.rf.ae343ef33fcf7b3ee1d08595d8d276f6_plate_0.jpg	15’69974
series1_97__jpg.rf.29e17880609f7d2adafc11c63ad995a0_plate_0.jpg	18ﬁ79474
series1_IMG_20231105_184435_jpg.rf.e4c2a246d6ba07d22b81863f22ef8725_plate_0.jpg	68œ74436
series1_IMG_20231105_184454_jpg.rf.df233da41d018995c9287e6cda752060_plate_0.jpg	24œ69126
series1_IMG_20231105_185639_jpg.rf.4411333c20dd63195f47506ccae50fc4_plate_0.jpg	82Ê18474
series1_IMG_20231106_082800_edit_68321265771345_jpg.rf.52c2488d5431e9f5dc778739d6a3caa2_plate_0.jpg	12?93677
series1_IMG_20231106_083111_edit_76721672867980_jpg.rf.bdc03f7abb911796463ec1cca9668a80_plate_0.jpg	63„45155
series1_IMG_20231106_083125_edit_76737522254956_jpg.rf.7f1b21521a79d6b0b7c69848fa8483e8_plate_0.jpg	29ÿ55911
series1_IMG_20231106_083141_edit_76749723570059_jpg.rf.f878ba19e24aede8cfa9fde9e01cb4f4_plate_0.jpg	71’84250
series1_IMG_20231106_083207_edit_76769402186722_jpg.rf.b8eb4c3067e8e434ea39d78c38a70772_plate_0.jpg	59Â65199
series1_IMG_20231106_083314_edit_76784026140366_jpg.rf.f8cda696ffeff6ad08e733eaa782bedf_plate_0.jpg	92’51411
series1_IMG_20231106_083443_edit_76805444635154_jpg.rf.3195df7d668b3afef985498c7f4cdbe7_plate_0.jpg	31 41378
series1_IMG_20231106_083624_edit_68552183822872_jpg.rf.80977746a5d575a5d16661f050f62413_plate_0.jpg	48 35533
series1_IMG_20231106_083634_edit_68582087735368_jpg.rf.c80d57a1f7b1c92329f522bcf9195683_plate_0.jpg	33 83622
series1_IMG_20231106_083727_edit_76829616522651_jpg.rf.b094776a40a4c05731ce635574bbdbed_plate_0.jpg	29œ27477
series1_IMG_20231106_083751_edit_76850668794523_jpg.rf.b3806a1b5b5ead8cb998803e0d80b669_plate_0.jpg	93„87440
series1_IMG_20231106_084138_1_edit_76863655326291_jpg.rf.0a160bd56485a1d2d09d1931627ffae9_plate_0.jpg	34„97940
series1_IMG_20231106_084159_jpg.rf.dead81dfa74dda2ac8c2e1c86cbb9e74_plate_0.jpg	37ﬁ84610
series1_IMG_20231106_084231_edit_68815009902519_jpg.rf.c8149633cd40b75e5a0ef94fe7c3c790_plate_0.jpg	72‰89888
series1_IMG_20231106_084421_1_edit_76887704796079_jpg.rf.93ed14bafe5029ca8cdab01843c6ffb0_plate_0.jpg	76œ21110
series1_IMG_20231106_084703_edit_68890586319695_jpg.rf.3932fd4af8d0b6ea98498b4f78e5a5cb_plate_0.jpg	44Ê34844
series1_IMG_20231106_085202_edit_76918714558054_jpg.rf.2e2189cdfc85a2fb229db7ae14d104a2_plate_0.jpg	24‰42940
series1_IMG_20231106_085257_jpg.rf.37e32917e7d3c6ec7598b636a967213f_plate_0.jpg	65‰77244
series1_IMG_20231106_085521_edit_69103976455080_jpg.rf.1f9955424f5feb07ccb7a3820ea36fd7_plate_1.jpg	12»91240
series1_IMG_20231106_085523_edit_77007739181999_jpg.rf.835845140693023dd11f82d832e1f45d_plate_0.jpg	58»26120
series1_IMG_20231106_085621_jpg.rf.c9c9a1e284b10711ce7861c4b5b01ecd_plate_0.jpg	78Ã61220
series1_IMG_20231106_085656_edit_69450670183152_jpg.rf.72e4681d7fad497257cde5eda649d207_plate_0.jpg	66„59710
series1_IMG_20231106_085742_edit_69584975683652_jpg.rf.c8264660228de5b09ce4466eff9b33d2_plate_0.jpg	58Ã17288
series1_IMG_20231106_085751_edit_69735942368525_jpg.rf.d50ae3ec34e895a111ea829ae49a9c06_plate_0.jpg	11‰86966
series1_IMG_20231106_090040_edit_69961469552345_jpg.rf.37263366777e7da30355aca6f784d974_plate_0.jpg	65Â41127
series1_IMG_20231106_090410_edit_70322748352810_jpg.rf.cb039ac41db85503a41ddfa713ef4c9d_plate_0.jpg	84?37878
series1_IMG_20231106_090410_edit_70322748352810_jpg.rf.cb039ac41db85503a41ddfa713ef4c9d_plate_1.jpg	19’26840
series1_IMG_20231106_090435_edit_77389363490794_jpg.rf.d4f55850c769b0a8475179e85d376c2b_plate_0.jpg	46œ13620
series1_IMG_20231106_090440_edit_70564236687669_jpg.rf.aaa87f4d90bf32aa8401d38e64861b7d_plate_0.jpg	62ﬁ81988
series1_IMG_20231106_090450_edit_70633186451200_jpg.rf.5a262e75f16024557aa927bfab575fb1_plate_0.jpg	27»26950
series1_IMG_20231106_090541_edit_70859850702728_jpg.rf.220368a6ebe1cfc7ea4503f08d37bfd7_plate_0.jpg	96‰57466
series1_IMG_20231106_090542_edit_70878821458975_jpg.rf.e52ed1958c5c48df509d74892e4f4383_plate_2.jpg	21?24221
series1_IMG_20231106_091143_edit_70958385578755_jpg.rf.ca78f48aa577eace3b0118f50716a331_plate_0.jpg	77»27811
series1_IMG_20231106_091215_edit_77643507561068_jpg.rf.808cf065f609a40572e6ff6a120636ed_plate_0.jpg	59Â28292
series1_IMG_20231106_091232_edit_77665285054294_jpg.rf.bf620debd96737111940dced1f0a410d_plate_0.jpg	62»48922
series1_IMG_20231106_091438_edit_71152310745392_jpg.rf.d41ae9bfad409f56a3a8db2ecf23c254_plate_0.jpg	14«·›74311
series1_IMG_20231106_091519_edit_71198143191739_jpg.rf.406937d03b66e8d797708c22c9a7f86a_plate_0.jpg	56⁄88644
series1_IMG_20231106_091616_edit_71242185944337_jpg.rf.42b4301cc4568eaf26d537f492461cba_plate_0.jpg	44»12135
series1_IMG_20231106_091647_edit_77804206480315_jpg.rf.10d0c9da14fb4ae630d203a6f7ce3b4d_plate_1.jpg	25w72711
series1_IMG_20231106_091723_edit_71296476269328_jpg.rf.dcc87c4857fc698f36822d1e3109863b_plate_0.jpg	53”54887
series1_IMG_20231106_091723_edit_71296476269328_jpg.rf.dcc87c4857fc698f36822d1e3109863b_plate_1.jpg	49œ48720
series1_IMG_20231106_091910_edit_71360344768277_jpg.rf.a7299c699dfa57f645e9d4267e74efc0_plate_0.jpg	95Ê81422
series1_IMG_20231106_092054_1_edit_77855173553744_jpg.rf.5e72abd69035bf021ef72528eefde5e1_plate_0.jpg	99Ã47910
series1_IMG_20231106_092116_edit_77870510914679_jpg.rf.aa2d0715759da0574f4d099ddd95219a_plate_0.jpg	41œ47199
series1_IMG_20231106_092240_edit_71450842267221_jpg.rf.cc5f0d1ac4f286fafb45b2d8ad27c2f6_plate_0.jpg	36ÿ66110
series1_IMG_20231106_092240_edit_71450842267221_jpg.rf.cc5f0d1ac4f286fafb45b2d8ad27c2f6_plate_1.jpg	58”71120
series1_IMG_20231106_092316_edit_77894979881863_jpg.rf.c9c32ff42a7b9c03340416b3e1b6454d_plate_0.jpg	21«·›43522
series1_IMG_20231106_092709_edit_71547013874498_jpg.rf.8475b56a8d6aa0e82bbb65f079dcf35f_plate_0.jpg	21«·›43522
series1_IMG_20231106_094101_edit_77962001165707_jpg.rf.64e799693da89dc4aa774179498acf50_plate_0.jpg	63»74488
series1_IMG_20231106_094122_1_edit_71647691302087_jpg.rf.c7d2f0c11d77b005177d0da749db7f65_plate_0.jpg	76 16522
series1_IMG_20231106_094122_1_edit_71647691302087_jpg.rf.c7d2f0c11d77b005177d0da749db7f65_plate_1.jpg	38⁄47755
series1_IMG_20231106_094246_edit_71665287861460_jpg.rf.5507091d63d3b5e42bca0f051b8c313a_plate_0.jpg	67 99222
series1_IMG_20231106_094411_edit_71697974065100_jpg.rf.7b74363154a2deb2cebb08951161e918_plate_0.jpg	98„27422
series1_IMG_20231106_094427_edit_78076112188606_jpg.rf.43be5831e8f5dbc40e645f9342ffa7b1_plate_0.jpg	14Â92820
series1_IMG_20231106_094429_edit_71732214103637_jpg.rf.3a100b7b3ea38077d2f23d9dcc7fd370_plate_0.jpg	78Â21840
series1_IMG_20231106_094615_edit_71748246263530_jpg.rf.c55a440e5da01f44ee0548bb557e2249_plate_0.jpg	87 48150
series1_IMG_20231106_094705_edit_71774704449464_jpg.rf.b912d44b6be7b64bea82292e5a869bd5_plate_0.jpg	62 21611
series1_IMG_20231106_094735_edit_67582532917291_jpg.rf.9e782866d67e44883b2bc68d30524f66_plate_0.jpg	89ﬁ56966
series1_IMG_20231106_094735_edit_67582532917291_jpg.rf.9e782866d67e44883b2bc68d30524f66_plate_1.jpg	34»29850
series1_IMG_20231106_094749_edit_67599224539163_jpg.rf.7252d734c0c6f13f312238ce0f684924_plate_0.jpg	48 98930
series1_IMG_20231106_094910_edit_71797936883835_jpg.rf.c8fef82dddba12b2977cbafd95d4ace8_plate_0.jpg	28»66340
series1_IMG_20231106_095319_edit_71811720496333_jpg.rf.a72f548f5a62bca88c97257de4977fa9_plate_0.jpg	92Ê78540
series1_IMG_20231106_095712_edit_71842223811953_jpg.rf.197d29e6c08465daea1f80c90ebab554_plate_0.jpg	46·26820
series1_IMG_20231106_095712_edit_71842223811953_jpg.rf.197d29e6c08465daea1f80c90ebab554_plate_1.jpg	27 61411
series1_IMG_20231106_095827_edit_71880523597885_jpg.rf.1ee48fb6a0c9d14d68a63a59ec51a096_plate_0.jpg	31⁄67317
series1_IMG_20231106_100020_edit_71892833469758_jpg.rf.c60d4e615015abfe4af22dd4a0d1e4fe_plate_0.jpg	79Â79955
series1_IMG_20231106_101119_edit_71906264932777_jpg.rf.290757b879e48bf3c04b47e7dbb8892e_plate_0.jpg	88⁄32768
series1_IMG_20231106_101315_edit_71917206495275_jpg.rf.f578e15aa371aede40dbe67a230f3484_plate_0.jpg	47⁄91682
series1_IMG_20231106_101512_edit_71931400154648_jpg.rf.0628c56ffbcf677a5c96ecf48c6b386c_plate_0.jpg	88’22888
series1_IMG_20231106_101512_edit_71931400154648_jpg.rf.0628c56ffbcf677a5c96ecf48c6b386c_plate_1.jpg	54»27440
series1_IMG_20231106_101805_edit_67903075846409_jpg.rf.22a39fbcf1a5a2347929f2e7d5a3dfbc_plate_0.jpg	23Ê17740
series1_IMG_20231106_101920_edit_71958861756727_jpg.rf.9c17e892e1ac949439cf3e3b89f83478_plate_0.jpg	27⁄26244
series1_IMG_20231106_102105_edit_71975509915058_jpg.rf.6bf3474a352c9e0ee0be57ca99fb9164_plate_0.jpg	41‰82244
series1_IMG_20231106_102107_edit_71998321934846_jpg.rf.050ba948c9f4418b01cbc4a69369f584_plate_0.jpg	41‰82244
series1_IMG_20231106_102325_edit_72011569968698_jpg.rf.1c55e4d2b56806069f73792ab5b7ce85_plate_0.jpg	48Â49677
series1_IMG_20231106_102901_edit_72035097545778_jpg.rf.f022fe183582f71a233e9873fc57e1a5_plate_0.jpg	54ÿ28844
series1_IMG_20231106_103030_edit_72053638857754_jpg.rf.321cf18e374a18e95f239c8dfadcfc37_plate_0.jpg	91Â19111
series1_IMG_20231106_103143_edit_72064084281190_jpg.rf.428bce001788b7cfd8ac6b812a9ba36a_plate_0.jpg	22”39688
series1_IMG_20231106_103158_edit_72073845195772_jpg.rf.dab473543feb70142f431d6b604d60a4_plate_0.jpg	72‰89888
series1_IMG_20231106_103351_edit_72087724926499_jpg.rf.40d9bcf6bdabd598179b2c708e784e53_plate_0.jpg	62ﬁ97366
series1_IMG_20231106_103545_edit_72102132689518_jpg.rf.152641d7c931f46b863804bad72ad422_plate_0.jpg	51„98666
series1_IMG_20231106_114806_jpg.rf.cebcc745bffa7e33c639784747b6cb25_plate_0.jpg	76”74283
series1_IMG_20231106_12349560_jpg.rf.1109e1decf6ff2b995555a432be3ee8c_plate_0.jpg	84?63699
series1_IMG_20231106_161628_jpg.rf.15ccbb1507168ff835514ab588667678_plate_1.jpg	77876142
series1_IMG_20231106_172930_edit_95124412666213_jpg.rf.ae113f0a49b2296f343f1e9a0d4ebe33_plate_0.jpg	23Â66720
series1_IMG_20231106_173142_jpg.rf.7d8933e5364404b81f438b246b0fc915_plate_0.jpg	39”78783
series1_IMG_20231106_173152_jpg.rf.99df43d491ce2a7a3b1abee8a7a3bfcf_plate_0.jpg	57”81783
series1_IMG_20231106_173350_edit_95188819817766_jpg.rf.d6aeecbe8f81deb29c5863e4f281add6_plate_0.jpg	22‰75599
series1_IMG_20231106_173416_jpg.rf.3b9842187bb99242661e2e315c7a54a0_plate_0.jpg	77”35383
series1_IMG_20231106_173610_jpg.rf.a2f76c7d6e1056c975205465749a074c_plate_0.jpg	39”17883
series1_IMG_20231106_173631_jpg.rf.3399cc00d018246758acf9f554854898_plate_0.jpg	27ÿ29858
series1_IMG_20231106_173711_edit_95410340760961_jpg.rf.36452d1be13670bb3348c13ecdfdeaa0_plate_0.jpg	45·55244
series1_IMG_20231106_173822_edit_95206800157347_jpg.rf.32ff57314808de9376d67345c9617ee1_plate_0.jpg	99ÿ36111
series1_IMG_20231106_173836_jpg.rf.3734b4ea38e6095cc329c5a992382f76_plate_0.jpg	58”65788
series1_IMG_20231106_173847_jpg.rf.baca4417cea6c437c905b3f173de0655_plate_0.jpg	45”53583
series1_IMG_20231106_173851_jpg.rf.970e078e6b5b3b682a38f011bcc6b037_plate_0.jpg	45”53583
series1_IMG_20231106_173953_jpg.rf.0bed0bd5a4ec841ecc1929987190fe04_plate_0.jpg	28œ52558
series1_IMG_20231106_173953_jpg.rf.0bed0bd5a4ec841ecc1929987190fe04_plate_1.jpg	69343699
series1_IMG_20231106_174134_edit_95232916681822_jpg.rf.137d20d04e65dd98dec853531e23c43c_plate_0.jpg	28?97540
series1_IMG_20231106_174136_jpg.rf.c4c1f67150624a26d60b0cef608bbeb2_plate_0.jpg	34”75983
series1_IMG_20231106_174212_edit_95272286499524_jpg.rf.76a46805ea7a1a0b4a8e0518f3a26d5b_plate_0.jpg	58„23220
series1_IMG_20231106_174217_jpg.rf.0084c58fa4e309d264c4a986bf318768_plate_0.jpg	74”41883
series1_IMG_20231106_174230_edit_95356472170345_jpg.rf.a0b9d6260488cde1fec97a84945cd0b3_plate_0.jpg	12Ã42740
series1_IMG_20231106_174246_jpg.rf.892135fc1a0e4cb50a5215b7d5fba011_plate_0.jpg	81„83473
series1_IMG_20231106_174358_edit_95306343067227_jpg.rf.7578ebaa315347dac1a8ca21ed86143c_plate_0.jpg	65Ã29277
series1_IMG_20231106_174420_jpg.rf.59c19fac972ae22ad54b34cf6c9e0ee8_plate_0.jpg	37”99983
series1_IMG_20231106_174456_jpg.rf.6155c0e9708b3f04a74fa90c57aa2d0f_plate_0.jpg	21”99983
series1_IMG_20231106_175216_jpg.rf.abe152abdd026dd9184a3c37d055e6f5_plate_0.jpg	67”27382
series1_IMG_20231106_175356_jpg.rf.a8c61c8d4a539d0a11b79b4fc47917a3_plate_0.jpg	41„79283
series1_IMG_20231106_175407_jpg.rf.8a821220afddf74d2fc3604df591902a_plate_0.jpg	36”46983
series1_IMG_20231106_175726_jpg.rf.a1dc22b992e2c8624b64b2b90fa46d24_plate_0.jpg	69693183
series1_IMG_20231106_175812_jpg.rf.8e079ae6bbc3bf5e35df1038c1679122_plate_0.jpg	24”17483
series1_IMG_20231106_175832_jpg.rf.e67ca5f900e4f6795128f131563d3a64_plate_0.jpg	36”46982
series1_IMG_20231106_180830_jpg.rf.25e3ab73e5a753bb816ab8c1e9e39156_plate_0.jpg	74”41583
series1_IMG_20231106_180900_jpg.rf.5dbce76fb71e390fc83b561a8a5f1279_plate_0.jpg	26”25583
series1_IMG_20231106_180950_jpg.rf.840d357e8c8d19390499acc12606d055_plate_0.jpg	65”67683
series1_IMG_20231106_181006_jpg.rf.f0bf14dee05869454426699b23a64257_plate_0.jpg	89„94273
series1_IMG_20231106_181709_jpg.rf.fbd9d9cc65ac785ed0f288057a0c6d8a_plate_0.jpg	68265251
series1_IMG_20231106_181905_jpg.rf.8b3311862e83e674e4ecffe389bf61fc_plate_0.jpg	72”26293
series1_IMG_20231107_201017_jpg.rf.90080c15d786837f04f6d69b2447d5c6_plate_0.jpg	72 84412
series1_IMG_20231107_201017_jpg.rf.90080c15d786837f04f6d69b2447d5c6_plate_1.jpg	26Ã72212
series1_IMG_20231110_164805_jpg.rf.343a4b1b951776d5a71cf61697f9087e_plate_0.jpg	26⁄67742
series1_IMG_20231110_165422_jpg.rf.a4d7b790debfb3288614647d9d1101bf_plate_0.jpg	42Ê81126
series1_IMG_20231111_103648_jpg.rf.acb2643f2202ef04c2a9892fcb27a235_plate_0.jpg	98Ê54936
series1_IMG_20231111_103657_jpg.rf.55ad9e0aa5933aaaa9eceada30f803f6_plate_0.jpg	74Ê68374
series1_IMG_20231111_110545_jpg.rf.5a1d78b0a515743b6237aca8b88eef10_plate_0.jpg	54ﬁ59212
series1_IMG_20231111_110807_jpg.rf.151ac016f83ee3a7cf345c9fddf30b03_plate_0.jpg	81Ã14736
series1_IMG_20231111_110830_jpg.rf.352cec9e213f674a3955859de39c6f4e_plate_0.jpg	65⁄87342
series1_IMG_20231111_110830_jpg.rf.352cec9e213f674a3955859de39c6f4e_plate_2.jpg	65⁄87342
series1_IMG_20231111_111022_jpg.rf.95ae471a038a1d4ed71ba0f7b0038335_plate_0.jpg	75Â28242
series1_IMG_20231111_111022_jpg.rf.95ae471a038a1d4ed71ba0f7b0038335_plate_1.jpg	55’28474
series1_IMG_20231111_111117_jpg.rf.6763f976a55590611064d9e651034898_plate_0.jpg	49Ê74222
series1_IMG_20231111_111215_jpg.rf.9e1c6a7ebe37926b5559413082a9ab43_plate_0.jpg	75ﬁ38374
series1_IMG_20231111_111526_jpg.rf.79797b6246b4655ac45fa2e079a34d98_plate_0.jpg	18Â12912
series1_IMG_20231111_111644_jpg.rf.4bb4c592ed0d810306f31cc32a0ab3d7_plate_0.jpg	27‰51512
series1_IMG_20231111_111644_jpg.rf.4bb4c592ed0d810306f31cc32a0ab3d7_plate_1.jpg	27‰51512
series1_IMG_20231111_112346_jpg.rf.8ca1185d4258d8ddac4986d7799e1953_plate_0.jpg	35⁄62626
series1_IMG_20231114_152917_707_jpg.rf.ddbf6271e388b1e77bcb491f19b7eca6_plate_2.jpg	65œ68712
series1_Sajjad-Boulevard-Mashhad_jpg.rf.6b1ecc72937be8fb6aae69d0e703c1b2_plate_0.jpg	71’48926
series1_b3a81218-006_jpg.rf.59bcbd0c739009ba077b2e97893899a0_plate_0.jpg	75À37811
series1_c64fd1d6-072_jpg.rf.a581d3f7f8d2c91ff1247816ede74f3c_plate_0.jpg	11À92611
series1_d8068301-001_jpg.rf.e9f1df18f71a73b4cc98cddc192ce612_plate_0.jpg	94‘17211
series1_photo_2023-11-06_21-41-40_jpg.rf.ab24652d8276971d30b6bb03b4de4a54_plate_0.jpg	34‰91174
series1_photo_2023-11-07_14-34-59_jpg.rf.592f24f5132e6a7d40e6b8e605099020_plate_0.jpg	85»26812
series1_photo_2023-11-07_14-35-18_jpg.rf.abe4dc168ad14c306f875a9bd7b8be8f_plate_1.jpg	88Â29542
series1_photo_2023-11-07_14-35-38_jpg.rf.eb0182f7382cab105d32fcbbd7b72a5d_plate_0.jpg	59œ35612
series1_photo_2023-11-07_14-36-30_jpg.rf.b93fb2fd1e59213e0aeb4f1b95e5a16f_plate_0.jpg	78œ21212
series1_photo_2023-11-07_14-36-34_jpg.rf.5ae0afaeefae3b7d4f5a01aa7459e68d_plate_0.jpg	62Ã48212
series1_photo_2023-11-07_14-36-41_jpg.rf.af58492c61030128063b907e4323b43a_plate_0.jpg	66œ68174
series1_photo_2023-11-07_14-39-03_jpg.rf.9d89ffac5a0cd85b352a154e62b485ce_plate_0.jpg	64?75874
series1_photo_2023-11-07_14-39-15_jpg.rf.3431fd1833945a4ed53c649cebce0d02_plate_0.jpg	29Ã19742
series1_photo_2023-11-07_14-39-15_jpg.rf.3431fd1833945a4ed53c649cebce0d02_plate_1.jpg	12·99812
series1_photo_2023-11-07_14-40-48_jpg.rf.925e61688d8694d18b6f6fc2c8213940_plate_0.jpg	95Ê42274
series1_photo_2023-11-07_14-40-48_jpg.rf.925e61688d8694d18b6f6fc2c8213940_plate_1.jpg	27œ55712
series1_photo_2023-11-08_15-04-30_jpg.rf.304db1e1887d06a8a82fcce5a60513b5_plate_0.jpg	22‰67112
series1_photo_2023-11-08_18-04-01_jpg.rf.951628f59d2365877dfaa244b5b4d0e7_plate_0.jpg	44Ê69412
series1_photo_2023-11-08_18-14-07_jpg.rf.59cf22447c95c0d562f9805a400f9d2c_plate_0.jpg	68Å43411
series1_photo_2023-11-08_20-30-56_jpg.rf.9bb21f9626e43a4021fa78b720630a6c_plate_0.jpg	47Ê92422
series1_photo_2023-11-14_17-05-55_jpg.rf.0285209293fad79f246c015e1a0509ee_plate_0.jpg	45’73512
series1_photo_2023-11-14_17-06-00_jpg.rf.e5c26f9465639a95370fb8b697fd6a7a_plate_0.jpg	45’73512
series1_photo_2023-11-14_17-06-18_jpg.rf.4dc6ffa4c4cdcc04e6c16f3bdd9f8295_plate_0.jpg	41ÿ19926
series1_photo_2023-11-14_17-06-42_jpg.rf.8556faf6087313ad9bc56d6a59fd8ce5_plate_0.jpg	97‰19574
series1_photo_2023-11-14_17-07-08_jpg.rf.ca40d8e5b801fa97537776e10663c5a0_plate_0.jpg	43⁄92236
series1_photo_2023-11-14_17-07-20_jpg.rf.4d20ae980159a42575f54bd085c7090d_plate_0.jpg	47Ã95774
series1_photo_2023-11-14_17-07-53_jpg.rf.84b8ac192ba727f1bc04b92108087530_plate_1.jpg	51Ê21212
series1_photo_2023-11-14_17-08-06_jpg.rf.d8d57e09f531666ebc83645c23351368_plate_0.jpg	81⁄86512
series1_photo_2023-11-14_17-08-10_jpg.rf.072011bd30751a8ea2b0eca69e55cae4_plate_0.jpg	81⁄86512
series1_photo_2023-11-14_17-08-43_jpg.rf.d0bde1d2914f837b20ec09ebeeaf0ad1_plate_0.jpg	21·41812
series1_photo_2023-11-14_17-08-45_jpg.rf.a3a2a400a4c492a241cb8a399f62f925_plate_0.jpg	25Ê23912
series1_photo_2023-11-14_17-08-49_jpg.rf.a952943100c56c6ab9c144b6d0c82853_plate_0.jpg	63?33912
series1_photo_2023-11-14_17-08-49_jpg.rf.a952943100c56c6ab9c144b6d0c82853_plate_1.jpg	26’67142
series1_photo_2023-11-14_17-08-55_jpg.rf.772d98b90fc23fbee5d3ef5b5d753a23_plate_0.jpg	69‰95246
series1_photo_2023-11-14_17-09-02_jpg.rf.3d102711b57852ae09fba5ad144cc3de_plate_0.jpg	25ÿ65812
series1_photo_2023-11-14_17-09-19_jpg.rf.cadf24484ac3e59f23410b09c429d800_plate_0.jpg	19⁄28626
series1_photo_2023-11-14_17-09-23_jpg.rf.b347c1f967ab02a922b57a3843454b82_plate_0.jpg	31»58512
series1_photo_2023-11-14_17-09-27_jpg.rf.19b5cae0f1f08236bcc71808c4face81_plate_0.jpg	31»58512
series1_photo_2023-11-14_17-09-36_jpg.rf.4c944c99656d2d774606d4b992384fb2_plate_0.jpg	87»71212
series1_photo_2023-11-14_17-45-38_jpg.rf.ff4a1ba0b9350b6c3e547fa3af8ded8f_plate_0.jpg	95œ24812
series1_photo_2023-11-15_16-31-40_jpg.rf.ed530fbc25fb1b3083286bf4bd9b83de_plate_0.jpg	35»84712
series2_100_jpg.rf.2fbc9661b9915264b8b35c8d95ea7c11_plate_0.jpg	26Ã81743
series2_101_jpg.rf.41cf611af08b74d11911cdcbe6f0cfb9_plate_0.jpg	98œ69582
series2_101_jpg.rf.6bc5b5fc748b0bb7b1aec89d33bf3bd9_plate_0.jpg	43Ê34413
series2_102_jpg.rf.04d9a2c45be4b3946ab81363f3298d4e_plate_0.jpg	98œ69582
series2_103_jpg.rf.b2b5432878b0d2341ce512ee9b7cd09a_plate_0.jpg	74œ39341
series2_104_jpg.rf.db7f9021cd74eaf650c8197e19182b1f_plate_0.jpg	18Â84313
series2_105_jpg.rf.0a2dae34d56efbb45f4b5ba28ff1d49a_plate_0.jpg	27·17913
series2_106_jpg.rf.6abb5ff43b8f7aa2b47de3081537ee03_plate_0.jpg	59’76513
series2_107_jpg.rf.123798d4c6921a2cb3e12598f45f97d5_plate_0.jpg	19Ã82213
series2_107_jpg.rf.bede5e88b22b8b2a05bacadae320af87_plate_0.jpg	79œ15756
series2_108_jpg.rf.9a06acd0c21a29c8fae0115a4cd4df4a_plate_0.jpg	79œ15756
series2_108_jpg.rf.a67d23fdaaaf35288bd2100d4ee5e322_plate_0.jpg	99·74713
series2_10_jpg.rf.6e2cffb0b3ee582e9f65e120bbea5fee_plate_0.jpg	79»66925
series2_111_jpg.rf.38f1819ee31099ad3a0948340475508e_plate_0.jpg	54”85813
series2_111_jpg.rf.e6021acc551059c8cd192511b1b9128d_plate_0.jpg	62ﬁ19772
series2_113_jpg.rf.5cbe1618caa072ab032837e9e4f5848d_plate_0.jpg	35‰15813
series2_113_jpg.rf.b34261f59b3749c3d575bd5098b05af8_plate_0.jpg	71 13268
series2_114_jpg.rf.06e8c0b10762ef95c535f53ff49b1954_plate_0.jpg	73Ã19713
series2_114_jpg.rf.a028c16cb1dc7ef5d6932469591bb9a3_plate_0.jpg	71 13268
series2_115_jpg.rf.199ba3f5229601769f68223790c5f23a_plate_0.jpg	11·94153
series2_115_jpg.rf.b1566fe19b4abce3e0a5916e89f389c0_plate_0.jpg	85Ã41542
series2_116_jpg.rf.40fe85febc3078754f2f3faf0fd35189_plate_0.jpg	28Ê22853
series2_117_jpg.rf.1bdff716009bc0c569873fc678f986f7_plate_0.jpg	53œ83367
series2_117_jpg.rf.1d8ffaee755156835737c164ef22478b_plate_0.jpg	42Ê49513
series2_118_jpg.rf.b95c7e0f0bd9bae2fc5d20ef6090640f_plate_0.jpg	31Â55913
series2_118_jpg.rf.d020f6a0b44db2b1b1315755e1e70c7b_plate_0.jpg	53œ83367
series2_119_jpg.rf.8a001d48baeaa13ff3c8c02dd9fec149_plate_0.jpg	54Ã42553
series2_119_jpg.rf.cf0ca94b31ddc2d456247590bddc29d0_plate_0.jpg	73ÿ15182
series2_11_jpg.rf.e7c3c2e49d59035ebf9788581fc2e0f2_plate_0.jpg	28·78582
series2_11_jpg.rf.f1acc63e6c869c71b15574a554f3929f_plate_0.jpg	93ﬁ68577
series2_120_jpg.rf.594ae692721ccd42887d52b72646de46_plate_0.jpg	74œ26553
series2_121_jpg.rf.3c7c15cffd2439ae3ee4d3f116b2e387_plate_0.jpg	34„92513
series2_122_jpg.rf.df82ab732a463d4e6a2c8fe1041147df_plate_0.jpg	82·55853
series2_123_jpg.rf.64cf65a762af133a09e154737de6cae8_plate_0.jpg	51Â79913
series2_124_jpg.rf.8db1f6b11465691ddfc5b2538e7cbda7_plate_0.jpg	24 94331
series2_125_jpg.rf.14e9223ec3c07595928637ec1d7de760_plate_0.jpg	82‰51513
series2_125_jpg.rf.a7179c84dc39e6feada69c3a78f40986_plate_0.jpg	15»69772
series2_126_jpg.rf.4762a66ed1a33242cfc539f3b996153d_plate_0.jpg	85⁄66621
series2_126_jpg.rf.ea9ca7c0efa2764d9087e6b73b3c0424_plate_0.jpg	18Ê83913
series2_127_jpg.rf.2e9a7a5aeed40aa6f42214b786601333_plate_0.jpg	85⁄66621
series2_127_jpg.rf.879a621ab6aeb41ae7bdcfb4890ad6c7_plate_0.jpg	34”56513
series2_128_jpg.rf.34ab1b6ca9eb61f4f06c6583aba18961_plate_0.jpg	88Ê53113
series2_129_jpg.rf.e69e7d5cad3477a1afab248da3fa70ec_plate_0.jpg	46‰29113
series2_129_jpg.rf.e993a106b959173a36e33dd43e4ddb1f_plate_0.jpg	17Å64110
series2_130_jpg.rf.17ec82dd132852532a8144181012c022_plate_0.jpg	78»57799
series2_130_jpg.rf.e73d700e328cd511334a1f8094092cb3_plate_0.jpg	23‰42313
series2_131_jpg.rf.1d7eadbe4efc0713fd3bb42d9609c4f4_plate_0.jpg	63œ11753
series2_132_jpg.rf.46da32acf53194e7d33a88a925f79e79_plate_0.jpg	37Ê33613
series2_132_jpg.rf.96683620ca588e88ceeec835e00214c6_plate_0.jpg	17‰17988
series2_133_jpg.rf.87342fad39e10c14398a3df863ef0fcf_plate_0.jpg	49Ê72813
series2_134_jpg.rf.5a54cfff2d7bffc206c7c2bd7c377b8d_plate_0.jpg	44·85113
series2_134_jpg.rf.9360c70c582eb0f0757708a9d2e2e3a7_plate_0.jpg	22œ11111
series2_135_jpg.rf.78d2a42e5191ad1efd590221d0229254_plate_0.jpg	71»12413
series2_135_jpg.rf.78d2a42e5191ad1efd590221d0229254_plate_1.jpg	71»12413
series2_135_jpg.rf.d3c67d4bc694c3645cfab9aa8f56a822_plate_0.jpg	47„59899
series2_137_jpg.rf.b041b80f09ccb413a18ba066395d0114_plate_0.jpg	93„71844
series2_138_jpg.rf.1327dae611e5ff1b5f6281723ead6c61_plate_0.jpg	18ﬁ26744
series2_139_jpg.rf.05c65754169cf51b69834e2464b4cd6c_plate_0.jpg	91œ53943
series2_13_jpg.rf.19665f6f877cea69bcf6b586d2b75e25_plate_0.jpg	16„23616
series2_13_jpg.rf.ebe83090716d23ff89df9b2ef15b769a_plate_0.jpg	63Ã27523
series2_140_jpg.rf.72362fa3ec382022c6719676f4cf7635_plate_0.jpg	84Ê65313
series2_141_jpg.rf.790a1cd0f76d6f8b20cc15046715aed2_plate_0.jpg	89Ã82424
series2_141_jpg.rf.be2fcf6947dffdd8ad7bd150aac7433a_plate_0.jpg	11ê36411
series2_142_jpg.rf.20e627af8fc9c2ad8cba63a33eac22f7_plate_0.jpg	18œ75743
series2_142_jpg.rf.4fec3bbfca91e2f7dd148648a42df687_plate_0.jpg	88‰69999
series2_143_jpg.rf.8e441b0bb85d50ac15c98041dff3c99a_plate_0.jpg	47Ã47323
series2_145_jpg.rf.55897d5b047a0c4fd686d63fcea7cb60_plate_0.jpg	39Ê89813
series2_145_jpg.rf.75d5d17739d07e7696edcb70b6f5e5fc_plate_0.jpg	26»48292
series2_147_jpg.rf.4f33d363fb49b329e2a0502dc8bf5569_plate_0.jpg	62Ã33713
series2_148_jpg.rf.547ac1356cd7f86f44b5b4b68237c96e_plate_0.jpg	64⁄44613
series2_149_jpg.rf.73e158b57ac36512ec99fcc2ee4389c3_plate_0.jpg	18’23413
series2_14_jpg.rf.2b2c46c3c0fcb1344af3df9b2bf5de3c_plate_0.jpg	11«·›53713
series2_150_jpg.rf.6e25070b457bfbbded81559952c20ac3_plate_0.jpg	57?35523
series2_151_jpg.rf.d3ab34fb648dbee5243437902b3722d6_plate_0.jpg	21‰87744
series2_154_jpg.rf.89665ae9cdf55a773a9ab3964a485165_plate_0.jpg	59”33713
series2_155_jpg.rf.ea673147587d78a7fda62ae4063052b8_plate_0.jpg	34’44913
series2_156_jpg.rf.706b909c63e370875c1ebaf662370c45_plate_0.jpg	27‰87855
series2_156_jpg.rf.9cce206ce137427188e4b45603b36ab7_plate_0.jpg	18‰81223
series2_158_jpg.rf.ee0ad72662339b183d094ae8905fdad6_plate_0.jpg	14Ê41613
series2_159_jpg.rf.f903aee718b4b883b99202ea1a7a3e53_plate_0.jpg	72»43413
series2_15_jpg.rf.43b8bf4aeeb8741fac0d4deb90b734f5_plate_0.jpg	47”33413
series2_15_jpg.rf.e55af0faa179bf527b6249f50342aeb8_plate_0.jpg	16„22616
series2_160_jpg.rf.15f46915995213d35b78a5ab2276bf99_plate_0.jpg	16‰82413
series2_160_jpg.rf.2b464a01762690fd4a02b53a5743c2e9_plate_0.jpg	36Â51969
series2_161_jpg.rf.429cc86d8de10ff1f15e132790a23fea_plate_0.jpg	98Â22413
series2_162_jpg.rf.29a6041113229807854d1e4a816ad09c_plate_0.jpg	62’57213
series2_162_jpg.rf.ab912c7c0758f53c9f69493defec6a10_plate_0.jpg	68ﬁ83944
series2_163_jpg.rf.07a702e4ff8d025041fb512ffe793ea9_plate_0.jpg	87Ã12813
series2_164_jpg.rf.1a71622a45286ae752b07a86487d1803_plate_0.jpg	16‰82413
series2_164_jpg.rf.f3ae57060f716bf1b3b2337cf47b475d_plate_0.jpg	36ÿ32677
series2_165_jpg.rf.ff717ddcbb6b969856edad6f33b1905c_plate_0.jpg	25„64813
series2_166_jpg.rf.af2e4e01d1081b5da22066207e9d0c4a_plate_0.jpg	79Â88313
series2_166_jpg.rf.e37e942dd6b9e940eee2f7bb10bf149a_plate_0.jpg	36ÿ32677
series2_167_jpg.rf.4c09c7befd56e90b897d6e9eda1aee80_plate_0.jpg	78’86991
series2_167_jpg.rf.4c53a4e11c368f2ef97ca56ad3682d43_plate_0.jpg	39”28113
series2_16_jpg.rf.b7e8c8ac21b3bb40e4e82f8fe21b6957_plate_0.jpg	38»56913
series2_170_jpg.rf.6818bf8f4f7af3ed3b6c035d08e9a9a4_plate_0.jpg	23‰47923
series2_171_jpg.rf.32c713c11fd545e6e6513dcec7628075_plate_0.jpg	85ÿ98313
series2_172_jpg.rf.0c0a0cb925c0b774f2511a6811318ab3_plate_0.jpg	85”17423
series2_173_jpg.rf.3bf3169527f67093a5583c9648f88a03_plate_0.jpg	86Ê59113
series2_175_jpg.rf.6c58b79236f491766061addca67eccf6_plate_0.jpg	12„75323
series2_176_jpg.rf.388f929fcfe622a70fe3e1621b7ed5d9_plate_0.jpg	34?11728
series2_177_jpg.rf.7c2a72382bc9dc529f6d9be1f32abc80_plate_0.jpg	34?11738
series2_179_jpg.rf.0b6efbbe2f3f1e63a6db5006eda1a6cf_plate_0.jpg	73Â18413
series2_179_jpg.rf.e6367bc6e208636f29756456203945db_plate_0.jpg	84”15491
series2_17_jpg.rf.b7f38f44e5a1f66bb8def41973dde6ec_plate_0.jpg	69”79413
series2_17_jpg.rf.d29987803a6557710e41d760ee2465b8_plate_0.jpg	55‰81293
series2_182_jpg.rf.fdf4e168731706427a490e13bfd9dda7_plate_0.jpg	31Ã81913
series2_183_jpg.rf.bea678a84b2bad44b90d652c703e8c56_plate_0.jpg	65‰28613
series2_184_jpg.rf.cc476fd1e662f59dc73ee2a19f39d514_plate_0.jpg	56’23913
series2_185_jpg.rf.6e0d405c2700e5c690e35b9d1769b774_plate_0.jpg	25Â56213
series2_187_jpg.rf.07eee10f4e985f8606563b752c594178_plate_0.jpg	84„95921
series2_189_jpg.rf.95684957783d64c613d294a35b63e9f0_plate_0.jpg	25ÿ52427
series2_189_jpg.rf.c1aacccf60bba73b118a20f02708af81_plate_0.jpg	77·26513
series2_190_jpg.rf.2e6ddfdde6c276e61807eaa26fb3dfb6_plate_0.jpg	25ÿ52427
series2_190_jpg.rf.88ccc7c84cfc171cc89a1baee08cad23_plate_0.jpg	66ﬁ66611
series2_191_jpg.rf.439dd598a11a332c7dfe9ad361ade332_plate_0.jpg	79Â88313
series2_191_jpg.rf.691bcb27f25e6bab4698cbaeb512f1b0_plate_0.jpg	25ÿ52437
series2_192_jpg.rf.a5d2b7235c054676b53e84a63870e66b_plate_0.jpg	81?32244
series2_192_png_jpg.rf.eb159c3d4b635d13f6c32a9867e33ef3_plate_0.jpg	18’81917
series2_193_png_jpg.rf.ce861b7337f2a3a9bd27b573a3e9c8da_plate_0.jpg	37Â28777
series2_194_jpg.rf.1bb423a15210ee7a48d065b477abe8e8_plate_0.jpg	21”86213
series2_194_jpg.rf.d29f8b1e1acab3e9f7180825c3919bdd_plate_0.jpg	72»42629
series2_194_png_jpg.rf.6ce673bb513ad24ccdd3504e6218220a_plate_0.jpg	42»22855
series2_195_jpg.rf.1dff7402bb00148f8a3e7670a353c170_plate_0.jpg	72»42629
series2_195_png_jpg.rf.4c5161eef6e586277be29984a37d0af4_plate_0.jpg	25·39417
series2_196_jpg.rf.a4f116db5d1ca92732904e43a581f871_plate_0.jpg	22„84174
series2_196_jpg.rf.dd7d9fec6f8c41c75d7d92587be52215_plate_0.jpg	78ÿ51513
series2_196_png_jpg.rf.a1f2dd1818bc28f20413b71f1b35cf33_plate_0.jpg	64„85217
series2_197_jpg.rf.9bc0a51ef61cb3515cbc10dd63f4c1ce_plate_0.jpg	78„47813
series2_197_png_jpg.rf.017a0b947e099068dfe16e371124842c_plate_0.jpg	68„27517
series2_198_jpg.rf.a5e6adbc40dffc95b43f915610467152_plate_0.jpg	22„84174
series2_198_png_jpg.rf.49a6405d5a7e8adb7c691cf3d2d8f8dd_plate_0.jpg	68„39217
series2_199_png_jpg.rf.6966fee4d84775201370aaeb3df32438_plate_0.jpg	46·95417
series2_19_jpg.rf.ecff3e01512c78e1cb74a7052c8a53b8_plate_0.jpg	95·84312
series2_1_jpg.rf.b6be4488603f31792e25ff1c103f3191_plate_0.jpg	81Ê63813
series2_1_jpg.rf.ea248db9066466f1c3124b2b828a12f1_plate_0.jpg	16’97185
series2_200_jpg.rf.21b860b4fa0e705e12f4eac17c7f86f2_plate_0.jpg	74„34913
series2_200_jpg.rf.a07dc212db4648bae04028d3bf4c41ef_plate_0.jpg	68’61256
series2_201_jpg.rf.824f5e10c5bc7d570fd24ce0d8ebbc79_plate_0.jpg	71»56814
series2_201_png_jpg.rf.ed6928a7a4c87e55c8df9e0ef42463ce_plate_0.jpg	22»95117
series2_202_png_jpg.rf.40736e2df3bc530271fcdf387ec289a3_plate_0.jpg	71Ã81117
series2_204_jpg.rf.60f25d6d9491a024482440b2d6d403c1_plate_0.jpg	68’34674
series2_204_jpg.rf.66718fbf2c4abe65ba32c24540f70a11_plate_0.jpg	99‰11913
series2_205_jpg.rf.9b4ebe68b0e3e090f1358d9bef5d65a6_plate_0.jpg	93»71962
series2_206_jpg.rf.6167c81f1776e626ea33d033d8b7be97_plate_0.jpg	87”41681
series2_206_jpg.rf.8afdbc7152c2d5707c6edbd9f3830b01_plate_0.jpg	84Â62213
series2_206_png_jpg.rf.bf6e43df9e5eb8b52ac6b6a7ef6bedfb_plate_0.jpg	29œ98720
series2_207_jpg.rf.e9a66551c1d0a81c99dc4b0e07764865_plate_0.jpg	87”41681
series2_208_jpg.rf.5ff30747da7aa3693cccdbe799b90036_plate_0.jpg	36„16646
series2_208_png_jpg.rf.8ade1710dd16d7c4082908425afc59fc_plate_0.jpg	15ÿ52717
series2_209_jpg.rf.264ba65b5bd8b99e13c526c3816c05b6_plate_0.jpg	18’23413
series2_209_jpg.rf.adbbc45e5dc61ed336a799d1c04f774e_plate_0.jpg	42ﬁ66882
series2_209_png_jpg.rf.5edc9af936000fb60634842c91d7b02b_plate_0.jpg	15ÿ52717
series2_20_jpg.rf.ac96eb5891fba50e7af8ad9a755f175c_plate_0.jpg	28ÿ89529
series2_210_jpg.rf.c8922fa51ad27321c16fc550f9ed418a_plate_0.jpg	57Ã63740
series2_211_jpg.rf.1138fb458a9152509010ae91935cd9fe_plate_0.jpg	57Ã62740
series2_211_jpg.rf.4b84d22cd527be04e58a14f156aaca14_plate_0.jpg	47Ã47323
series2_211_png_jpg.rf.60cfece169b6a94a61a0a216532c7bea_plate_0.jpg	48ÿ61517
series2_212_jpg.rf.69e2ed2fa0eca4f7559d47ed886c31ea_plate_0.jpg	57Ã62740
series2_212_png_jpg.rf.38c2abf7458dcd8d8bb820802aaddd17_plate_0.jpg	88‰43817
series2_213_jpg.rf.f8c8169365b053932be9c9a33223cb25_plate_0.jpg	64œ94913
series2_213_png_jpg.rf.e77d6d62cd7685b2c6fa1d76a403900d_plate_0.jpg	23‰92917
series2_214_jpg.rf.9432dff99f31cafc3054bda17d0bd33c_plate_0.jpg	14ÿ75413
series2_214_png_jpg.rf.5af6917c97f21dd0a3c41ec7ddaa340e_plate_0.jpg	76‰77917
series2_215_jpg.rf.a4bb32431ce2aee0e525190eeeb1bf0c_plate_0.jpg	17 86113
series2_216_jpg.rf.5e768b118fa85b28aa4b3835d5b38e5c_plate_0.jpg	83Ã22692
series2_216_jpg.rf.6a0f31644e6f0474b80e82554883c1bf_plate_0.jpg	98”25213
series2_216_png_jpg.rf.b81f67c36fbae15e919328fefcc9c9dd_plate_0.jpg	42ÿ86317
series2_217_jpg.rf.38f2f38a7ecb4c0905de0315a5c267d0_plate_0.jpg	47Ã93513
series2_218_jpg.rf.8f011285aeaeeac0de4053777164126a_plate_0.jpg	33œ27813
series2_219_png_jpg.rf.d28f5e71059c4be48ce57748237e8c6d_plate_0.jpg	29»55717
series2_220_jpg.rf.6a623da7366e927f28b357cc077067bf_plate_0.jpg	85Ã63813
series2_220_jpg.rf.787846ce96b7d119ceb2a927e63ca149_plate_0.jpg	43»56292
series2_220_png_jpg.rf.751bd5c3a7a2f57d2f5584c4a1654784_plate_0.jpg	97ﬁ53417
series2_223_png_jpg.rf.9b98403562bd6dd2d8b6168474715d26_plate_0.jpg	38ﬁ19117
series2_224_jpg.rf.a1d26eeacc5ef9d997fbae5d85fd8076_plate_0.jpg	22ÿ62423
series2_224_png_jpg.rf.4eb35c7feebca2f464dec013c621c04e_plate_0.jpg	82·31417
series2_225_png_jpg.rf.be6d3c75930ac9f600439d8d0f801109_plate_0.jpg	54‰31117
series2_228_jpg.rf.65e671d36b6e89fe4a013d05dedf14d3_plate_0.jpg	39œ37189
series2_229_png_jpg.rf.11d6419aa5a999a830636d2c50ee7dc7_plate_0.jpg	48œ61717
series2_22_jpg.rf.d3b7a6b2a086ecad4847093e33d03f55_plate_0.jpg	39ﬁ77211
series2_231_png_jpg.rf.a8dbf1fc8fa22f3a5eaad5ff29f5282e_plate_0.jpg	29Ã53117
series2_232_png_jpg.rf.217784801f701a87a01067c97a575e89_plate_0.jpg	58„99617
series2_233_jpg.rf.d902f7549542f838ec6c742035ab0008_plate_0.jpg	41·88472
series2_233_png_jpg.rf.40aeece836b17ea7e0d163b2a6817eec_plate_0.jpg	55„89717
series2_234_png_jpg.rf.e01624f9a5dbdb66574870fce36f4776_plate_0.jpg	83·29517
series2_235_jpg.rf.e336b89bca356534b08a7be3e0cec8db_plate_0.jpg	53»29766
series2_236_jpg.rf.545074a07084ee4a2a322098be6023d8_plate_0.jpg	55Å88611
series2_238_jpg.rf.119d7acaa75e0d68472b0957712547b5_plate_0.jpg	97œ24544
series2_239_png_jpg.rf.b138e3e563ef003063f808c2a9561757_plate_0.jpg	42ÿ18817
series2_23_jpg.rf.e7dd7868958dcf95d61c2bfd0ed6e348_plate_0.jpg	27ﬁ16320
series2_240_png_jpg.rf.fc1f463c11190de4fcd277f82c245f23_plate_0.jpg	21Å55317
series2_241_jpg.rf.9bc51a3cc56043f7edc4892ede995f96_plate_0.jpg	11ÿ11111
series2_241_png_jpg.rf.8ff3b55590a13dfc6176f1bde5562438_plate_0.jpg	52ÿ84417
series2_242_jpg.rf.ecbe9d95504a3c87474683187d9ce705_plate_0.jpg	11»41130
series2_242_png_jpg.rf.fd8f9e1bb71f2bdc3b417dac00695c35_plate_0.jpg	83„33517
series2_244_jpg.rf.d46c9782650c1935038b37095d8bd3db_plate_0.jpg	12œ47588
series2_244_png_jpg.rf.ec12f72a93b1b9270e55dd9a8e33b15b_plate_0.jpg	17‰65817
series2_245_jpg.rf.bd113e7de6381bde736ca272a4f3d682_plate_0.jpg	47„59899
series2_245_png_jpg.rf.1c9debda79a2be25c8833be5c8429074_plate_0.jpg	37”95517
series2_246_jpg.rf.d9c6442abfa3d95789fe48002b781396_plate_0.jpg	84?47610
series2_246_png_jpg.rf.96538ce0e39ac5a39c8a2ee0430475f5_plate_0.jpg	29‰88517
series2_247_jpg.rf.c105082f4556772b8e08d4a05572d062_plate_0.jpg	66»94420
series2_247_png_jpg.rf.961be683967a648d025cc58cb2bb4392_plate_0.jpg	46œ11617
series2_248_jpg.rf.f3973edbc579120329412624b13941dd_plate_0.jpg	66»94420
series2_248_png_jpg.rf.79277f9d3ff2c5912d3bada4e8c42ed7_plate_0.jpg	15ﬁ28717
series2_24_jpg.rf.55ffd3b913f08479a01843bb429ffa83_plate_0.jpg	88ﬁ13113
series2_251_jpg.rf.3ea6b58fb05366973c6419079b2afe07_plate_0.jpg	85’94537
series2_252_png_jpg.rf.a4d7d98d5953b7d2e70cd62628c60407_plate_0.jpg	34ﬁ18517
series2_253_png_jpg.rf.509fe93caf3c9b85dc04c2725db22949_plate_0.jpg	26Ê67117
series2_254_jpg.rf.b8966cbbb397529de56c1c67b9a3da92_plate_0.jpg	17‰85772
series2_254_png_jpg.rf.133c771b1c9c8e02d8680901c4614454_plate_0.jpg	67Ã52917
series2_255_png_jpg.rf.1c160da91854bcb78e230f1e2bbe1ee7_plate_0.jpg	49‰46917
series2_256_jpg.rf.39d5d2f87e62a2183c781be5c4c6ed36_plate_0.jpg	45»84881
series2_256_png_jpg.rf.d151efd41bdb44d2c2d80e8711b55b64_plate_0.jpg	83”26817
series2_257_jpg.rf.ba0de342bed3f554ceb7b3976c0d7a54_plate_0.jpg	64?65588
series2_258_jpg.rf.63e84b0b23f2f9ecfb8e45ea226d2cff_plate_0.jpg	64?65588
series2_259_jpg.rf.24038840b6c496e7a5323a05f4fd5d6f_plate_0.jpg	74Â23883
series2_25_jpg.rf.6bc9405405ff32ad65e5930194fb4416_plate_0.jpg	24ﬁ24472
series2_260_png_jpg.rf.14a440063e76330dc4bf814a4c7cb0cc_plate_0.jpg	74Ã26817
series2_261_jpg.rf.539dc38bc4916f86a85939f8b892bcb8_plate_0.jpg	32Ê29725
series2_261_png_jpg.rf.c646baba7498d28cc955cb4e198298da_plate_0.jpg	66‰48717
series2_262_png_jpg.rf.2104b00999af773d4772a2cd2a0f2f70_plate_0.jpg	15”68217
series2_263_png_jpg.rf.8d1f7220798b3f1f65e7e18666d4677d_plate_0.jpg	37Â28777
series2_264_jpg.rf.350f4899e44e179fe896336f80449aa3_plate_0.jpg	81?28777
series2_265_jpg.rf.ceb2dd4b25857d5fb0b52df7bee01d6e_plate_0.jpg	81?44520
series2_265_png_jpg.rf.db89eb30ac13fc647e5183c92a1e1406_plate_0.jpg	46‰29517
series2_266_png_jpg.rf.8cb6ed7fcbf21029a19c54d94294f70e_plate_0.jpg	53‰47917
series2_267_jpg.rf.ceff632a4f77204405f1665607d74543_plate_0.jpg	93’14140
series2_267_png_jpg.rf.5c72d0807b721bb0862ad933e80243d6_plate_0.jpg	54‰54817
series2_268_png_jpg.rf.b4a7dd1ac22732981d2a2da722a3defc_plate_0.jpg	65»21717
series2_26_jpg.rf.2a5b9b7593bc1e42e8fa09df58d4a6fa_plate_0.jpg	45„31312
series2_26_jpg.rf.f44ae1d3b01fadd0866962e9ad521486_plate_0.jpg	51„39882
series2_270_jpg.rf.4785afdff3a4ec35df79fd308c4c0134_plate_0.jpg	99·88642
series2_270_png_jpg.rf.47e09b7ea93ae712dec4dd3beb2b73e3_plate_0.jpg	85‰67217
series2_271_png_jpg.rf.1941c9469124c8dcdc078ce569dcec58_plate_0.jpg	52‰75217
series2_272_png_jpg.rf.566fd0397161e0d05916abce98e0986b_plate_0.jpg	36ﬁ17717
series2_273_jpg.rf.a9147f04bde9014307a6c203398a4f1c_plate_0.jpg	61’91622
series2_273_png_jpg.rf.4e75a533815f84e87211326b6025fab7_plate_0.jpg	22»96517
series2_274_png_jpg.rf.53bfbde040ca618ebfc5cc1468fb4844_plate_0.jpg	27’56417
series2_276_jpg.rf.e4e3499873416cb2d4005c6ee7de589b_plate_0.jpg	71·49120
series2_277_jpg.rf.b4fa7d8ce484df3898400511d1da46f7_plate_0.jpg	39’81285
series2_277_png_jpg.rf.6060cf07c16149269114513847792c50_plate_0.jpg	61»42417
series2_278_jpg.rf.9fb32456e64c41de421463a8269ab207_plate_0.jpg	25·83582
series2_278_png_jpg.rf.0514381a4180749410eb8a297ea473b8_plate_0.jpg	19Ê68117
series2_279_jpg.rf.4918682f6475af23b1f18dec8098356f_plate_0.jpg	25·82582
series2_27_jpg.rf.caccbcd9fc350e428d53f717b728c476_plate_0.jpg	28?11777
series2_280_jpg.rf.4880629778403013f8bf4ae95d04c88d_plate_0.jpg	53ÿ37472
series2_281_jpg.rf.7e473891e088e65ff6ba0dc3d4a46985_plate_0.jpg	53ÿ37472
series2_283_png_jpg.rf.ed459297f365ff4c59670c6a4758f364_plate_0.jpg	52·52417
series2_284_png_jpg.rf.e1d6e04828370c5de2e1d87e90506916_plate_0.jpg	18„67617
series2_287_jpg.rf.e7af30ec121fc94387f84e768896b361_plate_0.jpg	25»85676
series2_288_jpg.rf.c261f82dcb4c183e0c2dbee634aa68d6_plate_0.jpg	47”81733
series2_288_png_jpg.rf.28bdd6399e37b1e3159b0d97711b4af9_plate_0.jpg	78‰76417
series2_289_jpg.rf.fe4d4f18bd92669411300a29a664ccb4_plate_0.jpg	47”81733
series2_28_jpg.rf.a714d5e6c7e0d1654c209295bf487258_plate_0.jpg	18‰56612
series2_290_jpg.rf.dd832bc04713cf9ba2994007b75a7613_plate_0.jpg	47”81733
series2_290_png_jpg.rf.9583818d4eeb6336e447446276c12802_plate_0.jpg	62œ14717
series2_291_jpg.rf.77eeff69c617575cdfb89d348290bdd4_plate_0.jpg	76Ã56269
series2_291_png_jpg.rf.f228270f9cfa1b4a283d8cadead816af_plate_0.jpg	26’56417
series2_295_jpg.rf.ab3417f6eba531e61298af14b7951606_plate_0.jpg	49”23867
series2_295_png_jpg.rf.ef8b63ce4115ed8c509a1cb0598b8c99_plate_0.jpg	87„24917
series2_297_jpg.rf.a4654271298db2eb766f7d0612887481_plate_0.jpg	55ÿ35547
series2_297_png_jpg.rf.58e3979c5426faa9ca744fbb6c4a41d1_plate_0.jpg	51”75827
series2_298_jpg.rf.908fb95ad22bcaff331c054d8eba8074_plate_0.jpg	74„72835
series2_298_png_jpg.rf.852d0e13e81f69dea388dbf797ccdc17_plate_0.jpg	26»86717
series2_299_jpg.rf.d5c519aeb1b18cb7604265348af423bc_plate_0.jpg	45Ã63492
series2_299_png_jpg.rf.9e69b94e1475566b27fac91a5f410ce4_plate_0.jpg	64·43417
series2_29_jpg.rf.c2e15b30a2ceabd5fb6bed554a829e58_plate_0.jpg	18‰56612
series2_2_jpg.rf.b30a2d252d1eb3967e5d3ae298e89306_plate_0.jpg	18Â45723
series2_2_jpg.rf.c22345da6f9513918bf9d0afcef00f03_plate_0.jpg	79?33520
series2_300_png_jpg.rf.b6aafcec6c940373025edf9da959b930_plate_0.jpg	12”59117
series2_301_jpg.rf.1debf1b82f623fa0bf720aa4f56d0ad8_plate_0.jpg	97·43435
series2_301_png_jpg.rf.799d57a08f50ae48689a22d3767078ad_plate_0.jpg	58’56817
series2_302_jpg.rf.1a05749b7c605f3bf23e9979ce74a79b_plate_0.jpg	97·43435
series2_302_png_jpg.rf.c9b5e807fa851b90933e968ab1d46af5_plate_0.jpg	32·47817
series2_303_png_jpg.rf.dc0b7f7e9f0331018edb8c27217f0ec9_plate_0.jpg	53ﬁ98817
series2_305_png_jpg.rf.0089d550c657b00a7b48199e80296df5_plate_0.jpg	69ﬁ67717
series2_306_jpg.rf.e2a6d283fb1217cb75700f7f5b0aadc4_plate_0.jpg	17œ71182
series2_306_png_jpg.rf.aa5647801ca493778b0d0e4247ab8998_plate_0.jpg	37Ê21517
series2_308_png_jpg.rf.ab8c05d5bad9c99278552088fafec3cf_plate_0.jpg	13»85962
series2_309_png_jpg.rf.ceadd13e651fc350476d2cf9544ad412_plate_0.jpg	13»34817
series2_30_jpg.rf.0abdbeadaac6801728b3c1acbd42f351_plate_0.jpg	74‰23972
series2_30_jpg.rf.6b80110aecd67f66181eef1d363d4df2_plate_0.jpg	12Ê72533
series2_310_jpg.rf.f3d431d155fbaa68e5d33d8d73a08bc9_plate_0.jpg	44ÿ59882
series2_311_jpg.rf.2b99dc223272becf885fed6086191794_plate_0.jpg	44ÿ59882
series2_311_png_jpg.rf.dd772ff36c3ac67c9ef3e751e463305c_plate_0.jpg	29»64517
series2_312_jpg.rf.fa81cd6d0e892d0f016dc9a6acf7718d_plate_0.jpg	57„74820
series2_313_jpg.rf.ae985f9691c30f99de1231382f9bd478_plate_0.jpg	57„74820
series2_316_jpg.rf.a6675f02c7dd20ccb52cb6a4aec2b32a_plate_0.jpg	83’61568
series2_316_png_jpg.rf.90e415ce3cadcce918c23f4a5618da26_plate_0.jpg	91œ82717
